I,Q
-9,-11
-13,-8
-23,2
-42,21
-27,70
27,102
85,38
127,-134
99,-348
-73,-446
-313,-192
-446,475
-243,1345
516,1830
1841,1287
3544,-479
5341,-3055
6890,-5321
7999,-6192
8615,-5012
8719,-2094
8334,1523
7259,4560
5208,6219
1935,6424
-2470,5720
-7447,4859
-12144,4435
-15550,4630
-16898,5264
-15896,5835
-12923,5629
-8842,4018
-4812,627
-1972,-4159
-938,-9159
-1717,-12657
-3705,-13263
-6094,-10734
-8032,-6198
-8859,-1597
-8290,1320
-6354,1913
-3394,819
-39,-495
2860,-678
4306,849
3441,3702
124,6798
-4806,9077
-9621,9669
-12307,8466
-11773,5909
-8418,2980
-4071,928
-926,881
-347,3260
-2171,7306
-4878,11101
-6768,12470
-6927,9940
-5754,3770
-4326,-4090
-3577,-10883
-3515,-14184
-3368,-13214
-2341,-8846
-231,-3085
2379,1944
4629,4941
5763,5744
5455,4918
3824,3278
1168,1576
-1894,258
-4634,-510
-6044,-827
-5409,-1071
-2737,-1707
1122,-3001
4807,-4652
7246,-5889
8020,-5977
7606,-4570
6806,-2233
6169,-193
5659,292
4796,-1414
3098,-4834
445,-8598
-2657,-11129
-5370,-11129
-6828,-8305
-6683,-3289
-5135,2514
-2857,7316
-809,9490
310,8294
372,4202
-190,-1076
-514,-5375
102,-7010
1702,-5574
3522,-2057
4404,1932
3435,4988
730,6357
-2712,5971
-5447,4149
-6418,1248
-5560,-2528
-3857,-6791
-2814,-10940
-3587,-14124
-6133,-15730
-9113,-15619
-10483,-14335
-8669,-12571
-3759,-10906
2452,-9487
7232,-8281
8454,-7372
5823,-7226
1163,-8129
-2765,-10044
-3869,-12447
-1779,-14449
2024,-15343
5324,-14747
6635,-12558
5895,-8903
4153,-4182
2776,700
2412,4507
2930,5994
3711,4299
4364,-168
4801,-5843
5024,-10426
4902,-11935
3868,-9661
1411,-4367
-2293,1895
-6432,7081
-9623,9828
-10775,9898
-9497,7981
-6472,4968
-2984,1559
-213,-1674
1101,-4338
979,-5948
42,-6082
-870,-4655
-1198,-2189
-787,501
-173,2468
-48,2981
-756,1887
-2175,-368
-3593,-2756
-4257,-4299
-3781,-4211
-2420,-2209
-841,1294
375,5398
1117,8877
1588,10544
2217,9856
3058,7123
3755,3569
3862,708
3067,-513
1548,-12
77,1402
-468,2664
615,3160
3354,2919
7145,2583
10656,2586
12425,2887
11407,2931
7491,2029
1705,-9
-4041,-2618
-7882,-4769
-8643,-5878
-6219,-6034
-1521,-6091
4149,-7113
9472,-9606
13279,-13095
14799,-16215
13652,-17467
10151,-15882
5527,-11484
1429,-5333
-817,972
-945,5784
75,8090
686,7666
-229,5252
-2639,2354
-5399,593
-7016,888
-6682,3000
-4727,5657
-2384,7196
-1005,6568
-1344,3772
-2858,-158
-4362,-3892
-4474,-6452
-2559,-7700
799,-8181
3958,-8513
5258,-9127
3919,-9890
791,-10630
-1964,-11253
-2008,-11660
1967,-11838
9142,-11523
17101,-10481
22872,-8767
24375,-6772
21243,-5163
14809,-4354
7385,-4301
1187,-4505
-2350,-4254
-3025,-3118
-1714,-1250
189,784
1316,2339
1021,3113
-437,3106
-2307,2582
-3703,1685
-4234,447
-4098,-912
-3960,-1934
-4106,-1916
-4284,-517
-3767,2020
-2054,4841
676,6840
3392,7444
4763,6744
4006,5338
1423,3795
-1759,2107
-4031,-216
-4313,-3655
-2775,-7809
-522,-11324
1002,-12337
901,-9573
-782,-3384
-3064,4349
-4554,10844
-4234,13675
-1742,11904
2214,6278
6329,-1265
9207,-8484
9781,-13819
8138,-16568
5332,-16866
2834,-15318
1735,-12485
1999,-8847
2365,-4779
1212,-834
-2404,2466
-8032,4493
-13800,4979
-17513,4192
-17792,2864
-14731,1999
-9808,2419
-4848,4105
-1130,6365
1009,7941
1841,7525
2026,4537
1909,-456
1471,-6047
536,-10408
-833,-12135
-2305,-10885
-3234,-7379
-2961,-3047
-1311,688
1405,2906
4257,3450
6155,2821
6462,1788
5107,827
2783,-3
392,-1066
-1413,-2857
-2511,-5413
-3074,-8142
-3457,-9921
-3688,-9659
-3443,-6739
-2286,-1719
-125,3842
2650,7781
5162,8377
6507,5250
6233,-225
4577,-5648
2373,-8495
792,-7510
518,-3221
1712,2415
3627,6975
5153,8791
5405,7662
4282,4773
2588,1929
1545,706
2244,1403
4805,3155
8339,4269
11441,3374
12749,254
11706,-4050
8779,-7917
5216,-9980
2379,-10103
1054,-9209
1036,-8592
1536,-8874
1756,-9599
1471,-9560
1132,-7776
1527,-4395
2950,-591
4923,2099
6410,2710
6419,1269
4690,-1460
1869,-4748
-856,-8190
-2499,-11672
-2870,-14736
-2509,-16435
-2279,-15698
-2691,-12100
-3542,-6457
-4134,-615
-3813,3462
-2638,4824
-1385,3796
-1242,1791
-3127,-42
-6844,-1340
-11038,-2513
-13663,-4112
-12965,-6114
-8562,-7755
-1799,-8073
4861,-6560
8837,-3421
8798,574
5182,4556
-99,7857
-4680,9830
-6743,9770
-5745,7065
-2400,1860
1853,-4422
5664,-9276
8053,-10114
8656,-5915
7533,1935
5081,10140
1866,15235
-1254,15263
-3206,10884
-3167,4619
-831,-447
3288,-2381
8041,-829
12155,3102
14765,7762
15662,11762
15016,14139
13008,14551
9522,13006
4202,9880
-2707,5866
-9987,1871
-15485,-1250
-17022,-3037
-13595,-3627
-6329,-3655
1947,-3719
7992,-4109
9850,-4504
7758,-4348
3716,-3309
192,-1698
-1213,-368
-357,-191
1654,-1240
3417,-2626
3926,-2967
3109,-1319
1446,1973
-463,5179
-2102,6121
-3334,3223
-4188,-3200
-4575,-11182
-4364,-17857
-3490,-20832
-2154,-19183
-766,-13673
169,-6319
212,672
-574,5572
-1850,7658
-2913,7124
-3110,4718
-1987,1397
458,-1962
3843,-4665
7546,-6385
10985,-7011
13656,-6878
15228,-6407
15645,-5927
15099,-5278
14070,-3803
12968,-811
11680,3868
9521,9405
5580,14107
-413,16156
-7408,14627
-13035,10138
-14914,4540
-11900,188
-5052,-1558
2629,-708
7897,1449
8742,3202
5354,3442
-350,2147
-5961,222
-9643,-1247
-10887,-1594
-10220,-978
-8618,-101
-6918,302
-5677,-99
-5179,-1067
-5245,-2115
-5521,-2648
-5458,-2411
-4635,-1248
-3117,762
-1624,3462
-1136,6347
-2338,8645
-4931,9516
-7721,8264
-9222,4999
-8597,518
-6145,-3722
-2985,-6367
-420,-6765
948,-5131
1433,-2448
1809,233
2588,2102
3324,2936
2921,2897
445,2456
-4053,1960
-9135,1664
-12740,1702
-13075,1930
-9465,2043
-2710,1631
5467,384
12982,-1643
18063,-3861
19600,-5313
17346,-5226
11735,-3443
3902,-717
-4508,1700
-11682,2677
-16003,2006
-16545,597
-13411,-49
-7695,1174
-1028,4181
4943,7695
9152,9880
11148,9442
11032,6297
9191,1497
6010,-3408
2031,-7119
-2100,-8969
-5373,-8945
-6784,-7348
-5798,-4618
-2833,-1075
656,2986
2894,7110
2658,10800
-82,13338
-4039,14136
-7422,13000
-8958,10327
-8405,6832
-6659,3407
-4865,705
-3776,-1146
-3475,-2313
-3459,-3118
-3156,-3605
-2419,-3546
-1532,-2839
-805,-1802
-497,-1184
-572,-1742
-912,-3600
-1705,-6080
-3229,-7798
-5668,-7538
-8696,-4952
-11343,-784
-12575,3513
-11757,6614
-9348,7799
-6623,7089
-4970,4989
-5218,2348
-7082,-101
-9389,-1778
-10804,-2460
-10441,-2269
-8301,-1783
-5034,-2019
-1546,-3958
1251,-7972
2732,-13572
2592,-19246
995,-22899
-1467,-22763
-3971,-18033
-5744,-9601
-6336,268
-5685,8528
-4038,12647
-1698,11604
886,6143
3325,-1351
5060,-7888
5422,-11030
4058,-9754
1154,-4707
-2325,2143
-4822,8331
-4845,11865
-1669,11957
3991,9184
10189,5126
14345,1324
14253,-1109
9171,-2014
245,-1880
-9638,-1401
-16941,-988
-19040,-536
-15364,174
-7699,1235
614,2274
6285,2604
7571,1690
4814,-493
40,-3312
-4347,-5591
-6518,-6277
-5870,-4797
-2862,-1456
1489,2689
6064,6307
9732,8244
11640,8162
11257,6516
8537,4208
4162,1971
-596,-3
-4282,-2057
-5777,-4703
-4713,-7836
-1781,-10661
1651,-12035
4131,-11047
4598,-7805
2805,-3239
-480,1264
-4011,4794
-6311,6928
-6145,7735
-3174,7303
1943,5551
7553,2504
11556,-1352
12385,-4950
9700,-6839
4565,-6049
-962,-2670
-4840,2063
-5843,6325
-4081,8643
-591,8548
3244,6606
6392,3933
8314,1593
8828,363
8008,516
6100,2106
3953,4845
2828,8246
3764,11665
6882,14405
10942,15951
13818,15871
13737,13815
10325,9657
4997,3800
37,-2677
-2583,-8146
-2427,-11068
-670,-10817
896,-8057
823,-4450
-1213,-1766
-4444,-865
-7671,-1319
-9858,-1992
-10426,-1895
-9259,-1008
-6716,-93
-3691,-41
-1346,-1002
-1009,-2215
-3335,-2377
-7737,-590
-12348,2897
-14765,6732
-13324,9138
-7946,8880
-416,5971
6682,1650
11190,-2284
12414,-4351
11107,-4189
8773,-2526
6552,-798
4882,-139
3504,-941
1817,-2660
-456,-4312
-2994,-4990
-5195,-4372
-6527,-2699
-6815,-524
-6076,1508
-4641,2681
-2802,2549
-875,1075
635,-1190
1082,-3155
-114,-3770
-3216,-2530
-7726,17
-12120,2459
-14426,3306
-13038,2100
-7713,-470
2,-2916
7409,-3943
11736,-3543
11557,-2812
7430,-3363
1469,-5983
-3718,-9991
-6328,-13353
-5974,-13871
-3451,-10596
-319,-4521
2210,1796
3661,5468
4114,4907
3912,610
3401,-5119
2591,-9439
1610,-10504
519,-8293
-259,-4548
-414,-1806
25,-1801
547,-4613
330,-8659
-1328,-11578
-4348,-11929
-7882,-9771
-10469,-6712
-10854,-4839
-8714,-5476
-4812,-8063
-689,-10770
2130,-11411
3076,-8927
2531,-4134
1580,817
1322,3657
2217,3352
3877,597
5176,-2677
5036,-4501
2882,-3985
-915,-1505
-5179,1505
-8345,3514
-9253,3576
-7736,1722
-4556,-1163
-1174,-3950
1161,-5554
1569,-5330
77,-3370
-2670,-316
-5712,2789
-8037,4999
-8734,5718
-7120,4987
-3024,3110
2858,693
8854,-1696
12775,-3662
12845,-4987
8745,-5594
2001,-5583
-4802,-5234
-9004,-4591
-9389,-3561
-6688,-1943
-3184,280
-1369,2733
-2781,4487
-7268,4500
-12914,2167
-17177,-2144
-17776,-7009
-13980,-10607
-6818,-11341
1336,-8687
7617,-3159
10140,3941
8819,11019
5365,16694
2268,19985
1424,20230
3171,17461
6235,12246
8809,5572
9622,-1265
8669,-7114
6999,-11370
5979,-13929
6342,-14776
7911,-13902
9698,-11047
10436,-6107
9377,569
6440,7497
2420,12703
-1508,14303
-4341,11400
-5635,4676
-5542,-3538
-4582,-10306
-3252,-13162
-1574,-11204
702,-5424
3690,1782
6947,7687
9445,10383
10168,9570
8601,6527
5140,3227
938,1374
-2783,1508
-5234,2900
-6252,4006
-6002,3549
-4799,1111
-2772,-2839
-140,-7168
2650,-10680
4848,-12531
5759,-12437
4930,-10708
2654,-8222
-245,-5966
-2716,-4693
-4003,-4452
-4028,-4751
-3199,-4791
-2104,-4046
-1145,-2768
-278,-1769
675,-1731
1828,-2634
3015,-3634
3791,-3645
3778,-2163
3014,243
2136,2307
1976,2943
3065,2213
5329,1218
8060,1417
10436,3765
11921,7913
12535,12607
12446,16304
11766,17844
10118,16894
6981,13789
2119,9293
-3991,4282
-10052,-519
-14335,-4303
-15494,-6452
-13138,-6686
-8061,-5204
-1982,-2540
3255,637
6284,3672
6684,6114
4800,7718
1660,8210
-1266,7368
-2619,5279
-1622,2592
1594,394
5783,-299
9010,771
9588,2798
6966,4258
2219,3772
-2430,1228
-4873,-2044
-4209,-3964
-1194,-2880
2184,1086
3987,6123
3367,9809
1029,10434
-1340,8106
-2192,4316
-989,1031
1439,-471
3734,-310
4861,473
4890,631
4684,-488
5230,-2839
6676,-5570
8042,-7470
7892,-7292
5402,-4388
920,845
-3959,6781
-7183,10867
-7357,10814
-4407,5918
499,-2196
5520,-10265
9130,-15084
10781,-15279
10778,-11790
10000,-7383
9348,-4557
9260,-4179
9646,-5175
10134,-5577
10244,-3912
9801,-212
9127,4297
8833,7953
9514,9778
11239,9718
13467,8331
15144,6122
15413,3363
13834,436
10752,-1938
6979,-2545
3540,-452
1324,4242
670,9937
1175,14177
2039,14663
2473,10554
2233,3111
1708,-4877
1622,-10508
2590,-12271
4596,-10323
7071,-6280
9116,-1969
10128,1481
9925,4033
8844,5968
7427,7228
6105,7335
4988,5728
4033,2526
3224,-1183
2527,-3827
1766,-4230
700,-2459
-852,277
-2796,2306
-4435,2504
-4843,786
-3324,-1908
-112,-4215
3669,-5372
6259,-5245
6151,-4313
3040,-3189
-1959,-2292
-6878,-1473
-9903,-274
-10310,1841
-8668,5218
-6290,9695
-4187,14675
-2532,18999
-825,21354
1301,20707
3461,16863
4672,10716
3933,3942
1080,-1653
-2959,-5062
-6556,-6095
-8283,-5432
-7744,-3951
-5393,-2229
-2266,-342
720,1839
3098,4036
4920,5504
6334,5421
7417,3379
8220,-219
8741,-4075
9021,-6648
9149,-7022
9271,-5324
9373,-2675
9516,-441
9533,309
9080,-458
7838,-1925
5696,-2890
3010,-2330
468,-166
-1202,2841
-1957,5366
-2603,6163
-4369,4695
-7971,1288
-12888,-2903
-17302,-6294
-19001,-7591
-16866,-6216
-11594,-2492
-5405,2362
-815,6600
884,8665
259,7755
-770,4530
-500,817
1551,-1223
4260,-61
5581,4050
4003,9016
-545,11943
-6415,10637
-11239,4943
-13044,-3077
-11225,-10140
-6459,-13385
-387,-11961
5261,-7302
9181,-2128
10878,1037
10488,1298
8723,-512
6553,-2322
4917,-2389
4330,-211
4829,3330
6016,6385
7328,7271
8377,5381
9201,1386
10036,-2942
11029,-5816
11903,-6201
12002,-4289
10610,-1174
7547,1753
3312,3609
-967,4247
-4026,4000
-4845,3295
-3030,2191
1015,474
6323,-1939
11526,-4643
15143,-6750
16014,-7465
13603,-6579
8425,-4703
1841,-2838
-4076,-1773
-7562,-1423
-7826,-1072
-5592,60
-2525,2032
-450,4156
-182,5485
-1165,5389
-2008,3969
-1336,1851
1297,-163
5055,-1653
8284,-2565
9561,-2967
8507,-2780
5961,-1816
3414,-94
2125,1926
2665,3464
4444,4002
6430,3659
7368,3261
6584,3855
4263,5661
1257,7782
-1035,8626
-1593,7060
-253,3498
2119,-253
4014,-1958
4083,-546
1630,3031
-2821,6297
-7926,6741
-12147,3526
-14288,-1939
-13808,-6760
-11069,-8356
-6955,-6020
-2496,-1273
1230,3135
3425,4716
3602,2584
1839,-2316
-1100,-7677
-4011,-11236
-5739,-11668
-5649,-9251
-3918,-5464
-1428,-2174
976,-928
2702,-1944
3979,-4322
5310,-6509
7109,-7025
9067,-5457
10284,-2625
9837,-114
7505,707
3967,-507
769,-2906
-753,-4826
-120,-4917
1813,-3009
3663,-131
4208,1992
3001,2096
595,-30
-1936,-3337
-3516,-6120
-3533,-7131
-2047,-6278
216,-4506
2285,-3073
3348,-2473
2990,-2058
1471,-540
-385,2957
-1600,8138
-1488,13262
61,16089
2476,15032
5038,10097
7025,3007
8211,-3656
8771,-7688
9190,-7983
9801,-5134
10723,-933
11759,2566
12709,3979
13120,3048
12637,611
10939,-1833
8044,-2958
4189,-2212
154,-101
-3048,2209
-4604,3535
-3980,3544
-1349,2921
2538,2876
6590,4209
9735,6687
11203,9195
10679,10333
8680,9397
6109,6858
4036,4098
3200,2490
3727,2645
4940,4028
5844,5433
5502,5820
3680,5134
953,4092
-1692,3598
-3586,3831
-4945,4347
-6449,4287
-8841,3066
-12104,944
-14990,-1280
-15581,-2929
-12474,-3821
-5720,-4452
2952,-5634
10618,-7971
14509,-11270
13275,-14438
7577,-16200
-52,-15525
-6398,-12306
-8829,-7217
-6440,-1531
-162,3536
7678,7088
14357,8681
18035,8224
18243,6031
15833,2882
12136,-107
8271,-1714
4584,-1019
761,2055
-3515,6518
-8050,10659
-11874,12627
-13633,11204
-12450,6464
-8726,-362
-3805,-7260
358,-12265
2281,-13918
1625,-11724
-688,-6350
-3165,642
-4575,7088
-4642,11143
-4048,11963
-3856,10202
-4776,7544
-6712,5652
-8764,5233
-9770,5701
-8839,5854
-5979,4644
-1827,2210
2447,-327
5744,-1508
7401,-608
7427,1858
6265,4453
4518,5878
2562,5652
653,4487
-1256,3613
-3134,3814
-4909,4798
-6380,5432
-7196,4421
-7100,1450
-6041,-2603
-4147,-6116
-1843,-7568
338,-6539
1890,-4002
2643,-1744
2719,-1224
2558,-2799
2578,-5542
2936,-7933
3238,-8675
3054,-7385
2327,-4658
1511,-1546
1343,1037
2316,2733
4017,3550
5554,3585
6017,2742
5219,920
3869,-1732
3184,-4480
4083,-6349
6654,-6496
10071,-4971
13024,-2627
14311,-776
13505,-336
10640,-1403
6246,-3250
1098,-4995
-4072,-6103
-8428,-6505
-11238,-6378
-12104,-5858
-11205,-4958
-9285,-3938
-7274,-3368
-5823,-4049
-5068,-6313
-4572,-9447
-3654,-11814
-1988,-11541
222,-7770
2382,-1394
3851,5079
4328,8773
4087,7873
3594,2628
3150,-4673
2601,-11046
1296,-14163
-1190,-13533
-4638,-10347
-7883,-6724
-9441,-4403
-8314,-3787
-4875,-4073
-646,-3867
2709,-2476
4241,-518
4373,524
4425,-610
5469,-3759
7556,-7253
9633,-8766
10406,-6788
9385,-1702
7131,4218
4873,8010
3541,7631
2905,3170
1824,-3142
-1043,-8006
-5956,-8820
-11632,-5014
-15856,1578
-16514,7562
-12876,9722
-5996,6704
1820,-518
8026,-9022
11066,-15496
10718,-17717
8119,-15422
4918,-10050
2498,-3995
1446,584
1509,2570
1859,1927
1694,-447
680,-3282
-945,-5489
-2533,-6442
-3458,-6301
-3180,-5563
-1424,-4756
1701,-4197
5631,-3666
9494,-2880
12111,-1685
12363,-414
9674,460
4373,635
-2246,218
-8251,-340
-11718,-793
-11497,-1349
-7891,-2609
-2424,-4998
2568,-8360
4870,-11718
3400,-13749
-1357,-13436
-7464,-10473
-12315,-5492
-13649,135
-10519,4850
-3737,7182
4460,6388
11366,2623
14826,-2897
14016,-8360
9704,-12010
3577,-12814
-2297,-10735
-6181,-6756
-7110,-2124
-5023,2026
-797,4818
3937,5823
7284,4864
7865,2227
5238,-1526
13,-5261
-6210,-7654
-11594,-7867
-14671,-5946
-14871,-2920
-12730,-285
-9586,800
-6998,132
-6077,-1341
-7052,-2155
-9187,-1217
-11199,1475
-11905,4757
-10629,6867
-7562,6501
-3599,3697
174,-128
2772,-3050
3658,-3802
2892,-2508
799,-592
-1838,236
-4240,-899
-5778,-3391
-6059,-5684
-5345,-6123
-4233,-4035
-3376,-208
-3031,3714
-2958,6203
-2537,6586
-1137,5184
1389,2917
4496,882
7290,-105
8991,482
9448,2675
9177,5985
8998,9229
9348,11036
10081,10447
10465,7417
9825,2932
8098,-1458
5906,-4565
4246,-5881
3737,-5699
4068,-4570
4231,-2699
3194,-34
461,3268
-3362,6386
-6859,7836
-8432,6394
-7182,2135
-3384,-3268
1615,-7348
5967,-8165
8136,-5401
7472,-613
4541,3726
863,5438
-1739,3585
-1912,-1157
639,-7094
4914,-12185
9262,-14777
11990,-14087
12361,-10326
10778,-4542
8575,1627
7226,6569
7618,9160
9449,8903
11347,6111
11583,1722
9070,-3117
3983,-7356
-2276,-10219
-7698,-11369
-10738,-10905
-10728,-9198
-8115,-6925
-4077,-4619
58,-2637
3146,-1132
4560,-33
4328,858
2957,1861
1449,3298
942,5293
2183,7345
5194,8637
9105,8183
12296,5686
13289,2206
11378,-335
6983,-110
1633,3315
-2987,8480
-5458,12818
-5247,14051
-2566,11613
1817,6887
6888,2301
11491,-83
14555,267
15345,2335
13874,4385
11020,4975
8094,3734
6312,1339
5971,-1089
6173,-2454
5444,-2316
2847,-949
-1277,792
-5342,1871
-7388,1600
-6282,74
-2486,-1731
2240,-2475
5908,-1151
7193,2111
6091,6069
3612,8976
997,9513
-762,7502
-1391,3793
-1303,-339
-1152,-3959
-1386,-6905
-2072,-9496
-2608,-12167
-2166,-14691
-212,-16050
3013,-14969
6234,-10462
7627,-2744
5817,6547
910,14708
-5352,18973
-10413,17876
-12193,11964
-10041,3647
-4905,-3868
1448,-8030
7487,-8052
12531,-5018
16715,-1100
20220,1637
22865,2252
23795,1094
22078,-750
17438,-2195
10504,-2724
2948,-2456
-3316,-1720
-6720,-675
-6518,647
-3147,2196
2040,3464
6965,3785
9605,2615
8594,236
4062,-2251
-2478,-3146
-8658,-1164
-12216,3562
-11861,9234
-7688,13102
-1059,12882
5992,8267
11260,1075
13259,-5749
11688,-9806
7652,-10575
3274,-9269
861,-7770
1641,-7137
5113,-7061
9155,-6264
11134,-3680
9453,490
4356,4795
-2125,7431
-7298,7440
-9412,5198
-8685,2017
-7050,-475
-6727,-1284
-8634,-427
-11863,1484
-14108,3622
-13277,5338
-8911,6193
-2563,5951
3079,4563
5834,2165
5217,-886
2748,-4100
747,-6850
776,-8314
2621,-7891
4540,-5316
4551,-934
1917,4245
-2304,8804
-5796,11357
-6483,11118
-3846,8323
726,4159
4819,285
6145,-1853
3979,-1655
-611,414
-5294,3098
-7860,4822
-7446,4414
-4653,1773
-1272,-2561
858,-7350
785,-11208
-1136,-13063
-3783,-12435
-5892,-9396
-6772,-4516
-6515,1295
-5728,6810
-5034,10835
-4675,12523
-4577,11810
-4434,9556
-4132,7023
-3589,5291
-2683,4614
-1462,4442
99,3649
1902,1498
3577,-2023
4450,-5914
3903,-8867
1593,-9885
-2249,-8929
-6872,-6854
-11296,-4906
-14453,-4238
-15662,-5201
-14666,-7085
-11610,-8611
-7148,-8656
-2097,-6780
2601,-3547
5899,-178
6984,2033
5560,2620
1987,1990
-2414,999
-5911,329
-7024,-37
-5300,-740
-1646,-2378
1967,-4802
3562,-7147
2463,-8071
-523,-6802
-3294,-3636
-3671,276
-869,3523
4155,5190
9078,5390
11614,4781
10681,4029
6859,3342
1946,2452
-1888,1040
-3252,-778
-1889,-2362
1467,-2990
5537,-2554
9091,-1799
11214,-1994
11536,-4047
10237,-7866
7816,-12149
4852,-14945
1879,-14795
-663,-11503
-2592,-6253
-3656,-1086
-3669,2239
-2485,3135
-251,2273
2598,1045
5324,752
6934,1796
6747,3669
4617,5030
1377,4607
-1281,1839
-1698,-2748
1098,-7762
6611,-11482
12971,-12725
17690,-11439
18827,-8519
15907,-5366
10143,-3135
3829,-2327
-650,-2800
-1902,-3953
-99,-5229
3363,-6229
6493,-6709
7680,-6393
6311,-5094
2926,-2861
-1190,-338
-4585,1511
-6136,1727
-5511,151
-3257,-2556
-536,-5165
1418,-6538
1711,-6231
322,-4501
-1930,-2070
-3599,301
-3323,2127
-490,3121
4360,3182
9697,2331
13529,797
14295,-942
11708,-2438
6763,-3349
1227,-3703
-3099,-3762
-5165,-3684
-4895,-3256
-2984,-1967
-533,576
1462,4381
2439,8493
2357,11402
1638,11544
881,8169
444,1611
434,-6510
622,-13799
662,-17835
386,-17110
83,-11667
228,-3310
1139,5157
2891,10806
5062,12052
7114,9451
8581,5216
9398,1949
9736,1052
9698,2272
9172,3892
7743,4282
5133,2992
1495,1307
-2398,1077
-5409,3430
-6677,7618
-5857,11347
-3476,12149
-507,8879
2067,2481
3674,-4710
4276,-10138
4113,-12369
3521,-11470
2742,-8594
2056,-5216
1750,-2488
2113,-1153
3356,-1406
5308,-2991
7375,-4970
8782,-6284
8856,-6107
7039,-4121
3399,-982
-1374,2074
-6068,3785
-9278,3593
-9840,1730
-7513,-864
-3073,-3088
1872,-4232
5462,-4240
6625,-3817
5638,-4079
3761,-5828
2645,-8970
3182,-12418
4963,-14418
6475,-13619
6122,-9934
3182,-4682
-1753,43
-6970,2597
-10623,2691
-11245,1225
-8428,-602
-2646,-2350
4920,-4601
12602,-8298
18660,-13521
21446,-18938
20071,-22040
14814,-20781
7322,-14938
14,-6473
-4798,1240
-5851,5321
-3362,4579
1170,21
5933,-6027
9182,-11098
10060,-13680
8552,-13645
5156,-11657
784,-8620
-3557,-5384
-7086,-2563
-9324,-586
-10322,95
-10417,-722
-10063,-2879
-9589,-5622
-9077,-7946
-8518,-9037
-7812,-8629
-7076,-7033
-6338,-4906
-5694,-3039
-5034,-2174
-4167,-2634
-3000,-4356
-1603,-6818
-407,-9232
21,-10912
-642,-11495
-2129,-11053
-3578,-10017
-3697,-8833
-1669,-7442
2161,-5616
6125,-3106
7967,-194
5962,2287
153,3434
-7566,2717
-14384,475
-17937,-2280
-17451,-4581
-13699,-6040
-8116,-6969
-2137,-7860
3263,-8841
7309,-9352
9190,-8497
8073,-5726
3791,-1311
-2710,3433
-9470,6700
-14180,7132
-15470,4541
-13401,8
-9408,-4418
-5395,-6808
-2658,-6195
-1488,-3017
-1322,798
-1295,3119
-729,2705
566,1
2447,-3203
4537,-4687
6302,-3431
7209,-227
6823,2791
5177,3573
2716,1325
156,-2837
-1889,-6621
-3275,-7952
-4253,-5975
-5339,-1375
-6742,4012
-8146,8333
-8958,10280
-8526,9554
-6637,6799
-3739,3261
-597,342
1981,-1079
3553,-963
4225,-189
4307,-3
4330,-1396
4530,-4220
4890,-7282
5289,-8995
5489,-8108
5454,-4785
5250,-271
4960,3773
4566,6348
3898,7340
2868,7455
1679,7495
775,7694
518,7698
859,7177
1051,6055
160,4865
-2161,4388
-5280,5057
-7417,6805
-6845,8773
-3031,9795
2675,8988
7586,6185
9261,2181
6911,-1601
1926,-3799
-3020,-3727
-5633,-1730
-5215,1118
-2799,3669
-414,5533
455,6938
-459,8572
-2212,10752
-3437,12846
-3285,13767
-1901,12494
-198,9011
789,4384
511,209
-726,-2304
-2078,-2843
-2575,-1950
-1769,-342
165,1477
2548,3406
4677,5184
6206,6343
7337,6021
8167,3541
8348,-933
6972,-6361
3248,-11042
-2585,-13415
-8657,-12976
-12192,-10224
-10847,-6575
-4418,-3588
4691,-2151
12565,-2185
15715,-2905
12872,-3178
5522,-2238
-3245,-30
-10331,2880
-14105,5676
-14502,7563
-12450,8243
-9237,7933
-5829,7237
-3088,6817
-1602,7158
-1519,8361
-2441,10048
-3462,11473
-3568,11708
-2266,9889
126,5758
2633,-253
4249,-6876
4593,-12547
4052,-15884
3470,-16359
3563,-14467
4433,-11466
5521,-8761
6193,-7217
5884,-6675
4600,-6101
2707,-4175
881,-135
-291,5557
-311,11375
769,15492
2415,16603
3766,14451
4069,9897
2823,4628
151,286
-3238,-2095
-6257,-2228
-7586,-705
-6417,1575
-2794,3800
2282,5627
7290,7152
10673,8760
11762,10784
10802,13015
8727,14997
6526,16100
4919,15949
4090,14521
3778,12318
3568,9948
3089,7967
2084,6630
352,5698
-1902,4819
-4110,3665
-5354,2178
-4777,824
-2015,250
1986,718
5478,1788
6568,2357
4319,1312
-525,-1616
-5763,-5443
-8838,-8094
-8150,-7585
-3940,-3248
1859,3644
6761,10215
9013,13590
8413,12222
6316,6819
4759,-173
5132,-5865
7509,-8327
10726,-7350
13062,-4202
13083,-775
10432,1374
5911,1630
801,514
-3610,-1039
-6654,-2123
-8454,-2439
-9531,-2361
-10313,-2659
-10699,-3761
-10258,-5489
-8522,-6905
-5687,-6921
-2733,-4838
-978,-954
-1204,3632
-3183,7352
-5787,8986
-7652,8127
-8124,5254
-7540,1416
-6764,-2195
-6418,-4846
-6309,-6233
-5905,-6324
-4951,-5416
-3900,-3970
-3652,-2482
-4545,-1546
-5972,-1452
-6462,-1941
-4687,-2254
-757,-1458
3673,861
6415,4063
6184,6810
3759,7720
1522,6302
1930,3244
5769,108
11432,-1748
15811,-1833
16000,-793
11172,269
2836,492
-5926,-179
-12099,-1189
-14043,-1723
-11978,-1406
-7606,-319
-2938,1166
605,2614
2585,3620
3337,3946
3269,3366
2560,1954
949,71
-1769,-1687
-5340,-2775
-8980,-2957
-11425,-2527
-11594,-1836
-9182,-1296
-4720,-1033
598,-1072
5360,-1331
8368,-1832
8814,-2734
6490,-4036
1845,-5526
-3784,-6793
-8446,-7315
-10133,-6738
-7723,-4990
-1705,-2443
5787,345
11793,2686
14049,3931
12075,3701
7344,2044
2458,-536
-340,-3383
-145,-5931
2184,-7667
4655,-8136
5317,-7051
3011,-4402
-2043,-557
-8580,3479
-14677,6436
-18443,7455
-18759,6269
-15507,3545
-9649,661
-2922,-1002
2840,-551
6501,1975
7691,5648
6964,9000
5131,10610
2951,9645
806,6030
-1133,604
-2833,-5301
-4209,-10355
-5092,-13659
-5321,-15066
-4791,-14763
-3642,-13034
-2065,-9944
-321,-5494
1246,-92
2303,5314
2563,9409
1959,11009
767,9823
-430,6773
-1064,3445
-1156,1242
-1411,587
-2748,696
-5487,27
-8851,-2505
-11204,-6966
-10889,-11993
-7317,-15577
-1560,-16091
4044,-12966
7271,-6932
7084,423
4430,7045
1351,11319
-99,12538
956,10797
3875,7196
7018,3226
8857,291
8782,-938
7255,-906
5205,-692
3335,-1389
1813,-3403
314,-6124
-1549,-8314
-3674,-8931
-5359,-7814
-5639,-5666
-4007,-3649
-916,-2574
2175,-2274
3503,-1947
1974,-753
-1969,1494
-6512,4209
-9328,6187
-8983,6339
-5833,4454
-1726,1498
1087,-940
1352,-1443
-632,419
-3411,3763
-5286,6654
-5288,7117
-3470,4319
-481,-935
2919,-6415
5965,-9678
8040,-9242
8334,-5429
6421,-244
2600,3893
-1948,5437
-5417,4443
-6390,2386
-4695,1124
-1402,1876
1549,4362
2870,7179
2405,8618
1215,7665
662,4648
1471,912
3262,-2041
5009,-3527
5762,-3690
5121,-3291
3446,-2895
1368,-2430
-547,-1421
-2169,426
-3618,2649
-4952,4305
-5880,4418
-5976,2763
-4840,154
-2612,-1940
-63,-2175
1743,-170
1929,3324
572,6906
-1388,9088
-2512,9096
-1752,6889
817,3055
3972,-1526
6009,-5901
5799,-9265
3670,-10930
910,-10686
-867,-8822
-820,-6079
661,-3381
2366,-1361
3182,-235
2666,247
1149,438
-561,623
-1790,767
-2150,677
-1633,480
-421,621
1300,1727
3019,4080
4095,7382
3953,10708
2616,12920
819,13458
-300,12455
42,10624
1690,8517
3624,6213
4562,3525
3693,396
1215,-2508
-1820,-4051
-4280,-3258
-5372,-246
-5139,3614
-4272,6264
-3568,6255
-3468,3531
-3840,-427
-4034,-3566
-3191,-4444
-845,-3013
2791,-637
6690,1106
9361,1114
9483,-526
6728,-2715
2055,-4342
-2554,-4771
-5266,-4015
-5242,-2636
-3058,-1162
-206,141
1731,1250
2041,2011
727,2154
-1521,1434
-3948,-64
-6021,-1876
-7367,-3468
-7599,-4661
-6381,-5673
-3653,-7012
129,-8890
3714,-10742
5827,-11252
5640,-8992
3408,-3526
323,4006
-2235,11018
-3413,14586
-3345,12919
-2910,6435
-3135,-2268
-4367,-9782
-6178,-13150
-7663,-11353
-8037,-5612
-7061,1585
-5317,7621
-3724,10912
-2986,11571
-3222,10713
-3925,9418
-4486,8169
-4551,6761
-3951,4916
-2652,2671
-526,640
2605,-394
6420,-37
9950,1496
11803,3160
10959,3750
7675,2396
3503,-945
528,-5435
200,-9680
2192,-12235
4554,-12349
5164,-10145
3103,-6678
-479,-3496
-2901,-1899
-1793,-2388
3345,-4287
10656,-6132
17037,-6417
19862,-4443
18386,-723
13996,3491
9207,6771
6311,8118
6202,7379
8213,5121
10556,2138
11374,-844
9573,-3404
5366,-5176
179,-5960
-3985,-5584
-5343,-4127
-3282,-2160
1309,-360
6327,542
9554,290
9869,-916
7697,-2431
4497,-3393
1786,-3067
222,-1042
-594,2382
-1332,6146
-2336,8499
-3124,7841
-2959,3424
-1551,-3952
732,-12188
2938,-18621
4282,-21150
4499,-19181
3942,-14096
3022,-8300
1883,-4170
337,-2781
-1869,-3655
-4406,-5240
-6488,-5970
-7097,-5251
-5711,-3818
-2629,-2946
1071,-3708
4275,-5990
6136,-8521
6545,-9797
5911,-9043
4717,-6890
3141,-5037
1014,-5015
-1973,-7135
-5825,-10208
-9807,-12339
-12669,-12242
-13228,-9986
-11071,-6815
-7102,-4290
-3029,-3272
-587,-3671
-666,-4638
-2833,-5267
-5656,-5181
-7307,-4439
-6527,-3257
-3104,-1961
1884,-997
6722,-965
9626,-2360
9498,-5303
6427,-9011
1418,-12023
-3768,-12798
-7496,-10669
-8898,-6362
-8222,-1920
-6445,449
-4699,-236
-3524,-3176
-2783,-6302
-2104,-7397
-1476,-5541
-1281,-1415
-2150,3116
-4467,6179
-7919,7015
-11574,5943
-14399,4064
-15566,2325
-14873,1327
-12894,1098
-10506,1506
-8347,2526
-6645,4126
-5168,6037
-3400,7562
-1076,7815
1663,6315
4283,3351
6233,1
7049,-2536
6696,-3451
5544,-2538
4020,-261
2609,2724
1570,5726
1038,8165
1045,9548
1459,9546
2175,8225
2998,6096
3809,3827
4442,1949
4690,517
4341,-890
3260,-2725
1510,-5026
-434,-6997
-1702,-7473
-1613,-5601
-99,-1591
2237,3135
4187,6554
4588,7165
3226,4890
776,1176
-1613,-1814
-2989,-2332
-3147,70
-2521,4318
-1698,8520
-930,10986
-194,10901
708,8567
1790,4895
2807,606
3512,-3802
3647,-8053
3178,-11806
2142,-14557
442,-15909
-2035,-15811
-5219,-14603
-8491,-12793
-10901,-10541
-11398,-7629
-9473,-3783
-5554,657
-837,4538
3284,6291
5862,4994
6755,1130
6458,-3359
5690,-6103
5011,-5457
4506,-1502
3978,3989
3077,8906
1849,11663
718,11988
458,10846
1547,9566
3848,9027
6533,9284
8381,9613
8539,9229
6945,7853
4261,5870
1568,4072
-226,3274
-760,3613
-78,4591
1495,5189
3526,4427
5709,1948
7651,-1881
8882,-6103
8932,-9504
7531,-11030
4749,-10267
1021,-7286
-2917,-2893
-6284,1675
-8467,5083
-9031,6452
-7976,5498
-5864,2825
-3454,-355
-1421,-2910
-37,-4076
1114,-3968
2569,-3356
4441,-3110
6007,-3792
6208,-5268
4580,-6665
1727,-6931
-865,-5522
-1804,-2633
-694,660
1518,2760
3249,2528
3412,-123
2162,-4138
709,-7677
333,-9208
1359,-8088
2635,-4824
2421,-665
-234,3409
-4729,6997
-8860,10096
-10245,12709
-7700,14214
-2011,13776
4581,10718
9709,5481
12147,-637
12135,-5983
10934,-9320
9866,-10329
9350,-9435
8738,-7498
7039,-5236
3733,-3016
-512,-1191
-4170,-52
-5738,18
-4645,-1045
-1685,-3048
1284,-5285
2383,-7039
753,-7989
-2850,-8166
-6480,-7761
-8205,-7043
-7009,-6091
-3411,-5058
1011,-4083
4422,-3377
5691,-2867
4906,-2286
3074,-1196
1438,602
663,2877
567,4886
381,5766
-634,5036
-2609,2871
-4911,164
-6502,-1954
-6593,-2677
-5151,-1809
-2968,339
-1388,3120
-1365,5845
-3149,7849
-5729,8393
-7490,6874
-7275,3000
-5068,-2785
-2118,-9233
-2,-14454
244,-16700
-1244,-15310
-3126,-10997
-3762,-5536
-2169,-748
1642,2380
6466,3975
10700,4858
13199,5554
13783,5967
13113,5273
12148,2893
11415,-875
10620,-4764
8974,-7038
5876,-6574
1480,-3429
-3134,803
-6433,3976
-7163,4423
-5158,1672
-1615,-3320
1551,-8640
2662,-12368
1370,-13384
-1518,-11680
-4351,-8103
-5759,-3985
-5429,-469
-4073,1861
-2867,3095
-2774,3565
-4172,3554
-6725,2985
-9615,1465
-11819,-1362
-12502,-5469
-11212,-10158
-8176,-14231
-4211,-16449
-421,-15843
2202,-12092
3147,-5737
2489,1918
1038,9136
-248,14032
-597,15323
310,12913
2388,8024
5209,2872
8075,-190
10345,393
11592,4453
11681,10000
10773,14338
9309,15253
7671,12030
5933,5680
4063,-1523
2095,-7190
471,-9550
-60,-8231
1124,-4115
3955,1020
7552,5147
10583,6792
11984,5727
11581,3147
9933,996
8022,1093
6398,4010
4939,8536
2880,12306
-345,12836
-4702,8847
-9357,1038
-12979,-8255
-14308,-16300
-12778,-21020
-8732,-21711
-3205,-18944
2332,-13976
6586,-8174
8691,-2739
8653,1261
7073,2859
4886,1378
2976,-2963
1636,-8642
658,-13306
-348,-14548
-1669,-11313
-3238,-4323
-4738,3984
-5752,10470
-6120,12959
-5782,11141
-4809,6719
-3210,2470
-1033,820
1286,2680
3004,7036
3147,11478
1113,13279
-2906,10797
-7793,4186
-11949,-4511
-13945,-12209
-13274,-16053
-10340,-14783
-6233,-9136
-2195,-1434
945,5563
2869,9767
3797,10667
3952,9071
3611,6413
2811,4067
1478,2524
-305,1557
-2187,650
-3537,-506
-3723,-1809
-2417,-2955
109,-3781
2967,-4078
5185,-3774
6232,-2534
6316,34
6375,4148
7513,9277
10148,13925
13734,16256
16804,14801
17839,9541
16129,2000
12260,-5328
7771,-10118
4508,-11309
3515,-9457
4431,-6076
5846,-2973
6108,-1406
4213,-1719
476,-3659
-3568,-6660
-6077,-10115
-6030,-13640
-3683,-17002
-300,-19789
2660,-21340
4413,-20800
5372,-17513
6436,-11393
8145,-3369
10201,4781
11652,10800
11644,12979
10115,10958
8067,5868
6716,-180
6811,-5033
7942,-7492
8895,-7727
8658,-6619
6977,-5339
4807,-4418
3634,-3898
4486,-3635
7163,-3615
10291,-4053
12007,-5279
10861,-7160
6554,-9038
163,-9821
-6413,-8600
-11123,-5192
-12384,-147
-9741,5463
-4108,10513
2693,14043
8474,15464
11505,14315
10992,10492
7436,4577
2291,-2067
-2664,-7563
-6006,-10207
-7093,-9321
-6196,-5841
-4131,-1606
-1842,1465
37,2566
1402,2362
2353,2357
3054,3879
3562,7249
3685,11312
3203,14323
1866,14764
-363,12251
-3230,7560
-6318,2349
-9091,-1909
-10970,-4557
-11458,-5833
-10201,-6396
-7267,-6923
-3337,-7768
400,-8689
2703,-9350
2660,-9501
248,-9176
-3826,-8393
-8274,-7450
-11813,-6490
-13544,-5625
-13148,-5054
-11031,-5047
-7958,-5695
-4856,-6499
-2557,-6538
-1480,-4689
-1850,-535
-3552,5239
-6205,10902
-8951,14299
-10610,13955
-9989,9653
-6568,2625
-871,-4927
5259,-10745
9474,-13377
9948,-12535
6384,-9126
260,-4636
-5870,-548
-9801,2054
-10604,2647
-8798,1270
-5637,-1806
-2204,-5896
1203,-9952
4788,-12783
8577,-13469
11838,-11671
13510,-8085
12663,-3925
9177,-318
3904,2223
-1698,4064
-6093,5925
-8129,8241
-7344,10546
-3887,11645
1237,10243
6505,5929
10094,-512
10742,-7338
8071,-12720
3024,-15586
-2729,-15932
-7108,-14550
-8582,-12337
-6467,-9882
-1207,-7042
5791,-3554
12572,753
17259,5296
18599,8856
16319,9948
11305,7970
5244,3642
-247,-1022
-4234,-3811
-6679,-3540
-8126,-690
-9220,2830
-10111,4848
-10335,4214
-9407,1528
-7267,-1494
-4401,-3004
-1685,-2396
175,-742
924,-86
870,-2042
542,-6560
377,-11697
580,-14570
1066,-12897
1481,-6335
1527,3188
895,12362
-388,18112
-1961,18928
-3155,15436
-3330,9841
-2311,4508
-588,988
763,-611
736,-1129
-1269,-1491
-4795,-1807
-8511,-1610
-10897,-105
-11203,3008
-9847,7319
-8100,11673
-7504,14751
-8914,15526
-12104,13758
-16041,10132
-19058,5745
-19857,1621
-17712,-1718
-13002,-4309
-7151,-6447
-2118,-8222
534,-9359
348,-9339
-1513,-7694
-3084,-4334
-2476,243
983,5117
6299,9111
11350,11311
14045,11301
13329,9415
9744,6508
4844,3605
316,1481
-2895,439
-4616,118
-5389,-174
-5684,-862
-5765,-1805
-5527,-2138
-4973,-781
-4151,2838
-3119,8231
-1923,13973
-382,18403
1710,20270
4263,19366
7045,16386
9403,12426
10763,8468
10806,5155
9638,2813
7661,1642
5369,1667
3060,2520
1032,3511
-450,4032
-834,3670
324,2738
2943,1957
6191,1883
8779,2462
9695,2835
8892,1825
7286,-1192
6061,-5660
5830,-9779
6083,-11502
5642,-9608
3507,-4703
-190,894
-4010,4357
-6108,3832
-5236,-639
-1876,-6999
1999,-12485
3853,-14775
1986,-13218
-3370,-8840
-10218,-3807
-15668,-235
-17378,592
-14535,-1217
-8154,-4461
-345,-7329
6676,-8112
11486,-6109
13775,-1963
13839,2569
12216,5259
9073,4793
4544,1624
-888,-2081
-6052,-3694
-9388,-1549
-9797,3861
-7234,10107
-3187,14167
158,14115
753,10025
-2046,3892
-7189,-1600
-12272,-4558
-14695,-4701
-13014,-3247
-7518,-1964
-281,-2035
6027,-3387
9344,-4712
9310,-4429
7311,-1472
5435,3815
5186,9959
6545,15036
7968,17591
7391,17273
3788,14614
-2089,10615
-7728,6014
-10191,987
-7914,-4264
-1475,-9296
6403,-13157
12449,-14783
14294,-13459
11671,-9630
6359,-4560
749,167
-3304,3462
-5506,5209
-6672,5889
-7667,6104
-8682,5796
-9052,4562
-7984,2010
-5299,-1563
-1929,-4982
633,-6820
1395,-6267
480,-3910
-1116,-1395
-2151,-737
-2006,-2944
-969,-7434
-175,-12305
-786,-15316
-3378,-15124
-7524,-11709
-11924,-6301
-14923,-647
-15266,3921
-12597,6623
-7775,7390
-2592,6539
1044,4527
2145,1856
1017,-883
-1089,-3160
-2790,-4642
-3597,-5250
-3952,-5108
-4808,-4354
-6728,-3135
-9163,-1319
-10792,889
-10568,3246
-8353,5250
-5098,6280
-2234,6096
-757,4797
-734,2965
-1399,1037
-1789,-567
-1564,-1918
-1027,-3363
-714,-5107
-901,-7053
-1234,-8671
-1153,-9336
-387,-8860
675,-7379
1258,-5587
697,-4170
-949,-3381
-2885,-2951
-4148,-2298
-4216,-1006
-3397,708
-2527,2108
-2247,2287
-2784,788
-3784,-2085
-4818,-5267
-5578,-7484
-6091,-7986
-6278,-6770
-5799,-4841
-4358,-3404
-1853,-3118
1188,-3796
3854,-4341
5424,-3585
5721,-972
5355,2689
5303,5839
6163,6884
7923,5430
10045,2589
11752,332
12615,380
12314,2885
10671,6386
7533,8739
3063,8328
-2015,5150
-6327,640
-8550,-3272
-8146,-5246
-5756,-5025
-2958,-3360
-1481,-1336
-2112,71
-4412,496
-6818,-197
-7696,-1757
-6011,-3701
-2147,-5280
2532,-5667
6354,-4316
8171,-1254
7960,2738
6642,6431
5527,8687
5509,9037
6628,7876
8121,5942
8894,3869
8097,1820
5515,-368
1726,-2840
-2485,-5327
-6277,-6809
-9145,-6323
-10871,-3396
-11471,1479
-10908,6550
-9345,9744
-6885,9807
-3797,6877
-492,2541
2521,-1025
4812,-2414
5877,-1793
5510,-690
3817,-780
1375,-2664
-928,-5420
-2264,-7214
-2311,-6591
-1466,-3443
-488,719
-256,3839
-1045,4504
-2423,2878
-3451,378
-3287,-1272
-1633,-978
1083,1173
3900,4206
5608,6850
5407,8182
3294,7953
-67,6290
-3500,3649
-5890,566
-6714,-2565
-6164,-5144
-4821,-6668
-3435,-6887
-2450,-5770
-2027,-3894
-2157,-2275
-2981,-2077
-4794,-3924
-7945,-7466
-12228,-11266
-16658,-13394
-19635,-12184
-19564,-7353
-15815,-214
-9183,6872
-1726,11748
4032,13510
6156,12925
4125,11704
-1019,11363
-7198,12372
-12186,13917
-14493,14757
-13861,14017
-11044,11758
-7364,8678
-4093,5460
-2048,2442
-1761,-481
-3214,-3276
-5997,-5348
-9099,-5942
-11148,-4537
-10836,-1620
-7678,1380
-2442,2853
3013,1941
6498,-677
6632,-3323
3579,-4072
-886,-1994
-4509,2236
-5487,6918
-3206,10448
1659,12162
7617,12379
12860,11786
15918,10668
15692,8595
11911,4963
5155,-314
-3018,-6320
-10478,-11386
-15164,-14240
-15697,-14410
-12155,-12564
-5944,-10068
648,-8027
5274,-6768
6669,-5925
4909,-5055
1508,-4150
-1647,-3553
-3039,-3559
-2258,-4057
304,-4514
3815,-4322
7505,-3440
10960,-2416
13758,-2139
15201,-3392
14366,-6132
10776,-9399
4920,-11766
-1403,-11970
-5794,-9606
-6549,-5440
-3573,-1105
1284,1724
5535,2087
7452,323
6852,-2092
4869,-3383
2924,-2458
1583,520
531,3934
-976,5945
-3203,5749
-5586,4071
-7095,2925
-7052,4385
-5498,9038
-3135,15523
-808,20951
1094,22440
2757,18820
4481,11151
6360,2454
8089,-3955
9156,-6088
9141,-4089
7848,29
5325,3496
1934,4191
-1660,1545
-4410,-3398
-5226,-8742
-3561,-12528
-40,-13779
3931,-12565
6574,-9466
6890,-5339
5233,-795
2880,3641
1208,7398
890,9774
1654,10250
2934,8751
4098,5873
5086,2781
6040,702
6935,414
7412,2063
6957,5049
5352,8268
2912,10562
380,11135
-1307,9677
-1647,6361
-512,1881
1775,-2826
4714,-6674
7640,-8765
9674,-8564
10012,-6106
8034,-1928
3918,3070
-1252,7855
-5935,11394
-8709,13042
-8911,12472
-6928,9877
-4022,5950
-1528,1498
-284,-2416
-360,-4841
-1146,-5011
-2018,-2653
-2583,1588
-2834,6245
-3052,9416
-3366,9590
-3558,6402
-3341,962
-2701,-4638
-1946,-8057
-1548,-7986
-1756,-4569
-2325,623
-2349,5349
-1032,7837
1847,7544
5607,5330
9032,2571
10944,564
10863,-186
9273,38
6962,594
4630,1005
2546,1292
756,1819
-551,3029
-827,4797
384,6557
2845,7539
5439,7036
6837,5040
6172,2051
3835,-1073
1064,-3557
-762,-4997
-1058,-5434
-409,-5203
26,-4667
-404,-4242
-1233,-4113
-1324,-4487
230,-5360
3093,-6716
5735,-8243
6354,-9473
4349,-9814
842,-9107
-2039,-7748
-2526,-6516
-347,-6313
3096,-7122
5732,-7955
6160,-7233
4598,-3753
2665,2238
2072,9083
3581,14288
6401,16086
8756,14193
9125,10079
7223,5928
3892,3358
531,2790
-1787,3379
-2810,3834
-2984,3109
-3031,1176
-3618,-1412
-5243,-3870
-8189,-5622
-12287,-6617
-16721,-7117
-20237,-7553
-21272,-8201
-18889,-9064
-13368,-9675
-6358,-9614
-155,-8491
3579,-6580
4578,-4419
3900,-2554
3058,-1413
2917,-926
3091,-667
2362,-235
-193,545
-4191,1410
-8005,1994
-9467,2116
-7169,1922
-1355,1763
6011,2048
12329,2831
15472,3671
14798,3836
11299,2793
6738,514
2591,-2357
-455,-4584
-2521,-4904
-4040,-2887
-5348,868
-6213,4862
-6076,7278
-4394,6984
-1096,4059
3274,-355
7829,-4669
11648,-7666
13945,-8857
14431,-8600
13016,-7499
9823,-5786
5280,-3350
272,-140
-3998,3436
-6388,6205
-6216,6663
-3652,3853
284,-1907
4076,-8732
6445,-13751
6800,-14525
5480,-10409
3444,-2871
1532,5187
58,10853
-1156,12546
-2399,10577
-3760,6596
-4997,2457
-5769,-549
-5790,-2194
-5063,-2980
-3591,-3387
-1496,-3512
1178,-3044
4276,-1818
7333,-188
9843,773
11469,117
12315,-2337
12954,-5613
13773,-8098
14622,-8395
14588,-6165
12557,-2514
8069,549
1912,1093
-3975,-1748
-7382,-7166
-7026,-13023
-3445,-16984
1507,-17229
5357,-13269
6401,-6169
4435,1997
566,8800
-3606,12467
-6926,12502
-9180,9974
-10617,6946
-11411,5277
-11485,5502
-10497,6805
-8359,7639
-5430,6974
-2353,4985
397,2946
2870,1994
5487,2316
8393,2781
11035,1925
12225,-791
10976,-4460
7030,-7212
1521,-7603
-3573,-5590
-6437,-2645
-6475,-704
-4500,-957
-2336,-3254
-1738,-6156
-3342,-7913
-6445,-7612
-9280,-5405
-10103,-2527
-8249,-647
-4487,-1027
-869,-3982
523,-8678
-1227,-13375
-5270,-16109
-9292,-15335
-10902,-10826
-9102,-3910
-4861,3144
-584,8040
1358,9559
-56,7909
-3831,4540
-7556,1088
-8757,-1208
-6339,-1947
-1001,-1398
5093,-231
9721,781
11418,1069
10259,339
7362,-1292
4272,-3381
1813,-5170
67,-5818
-1374,-5049
-2941,-3104
-4607,-889
-5715,483
-5596,249
-3873,-1456
-1047,-3664
1779,-5420
3505,-6256
3612,-6624
2433,-7441
923,-9401
157,-12275
417,-14805
1071,-15472
1017,-13211
-643,-8166
-3870,-1920
-7697,3169
-10556,5108
-11268,3153
-9681,-1559
-6773,-6551
-3882,-9004
-2021,-7310
-1333,-1798
-1213,5326
-642,11117
974,13222
3826,11091
7290,6281
10336,1604
12022,-576
11721,657
9551,4311
6430,8237
3446,10344
1668,9384
1637,5466
3075,-249
5402,-6097
7910,-10534
9873,-12531
10624,-11810
9747,-9069
7154,-5406
3231,-2246
-1130,-536
-4580,-543
-5954,-1794
-4947,-3320
-2164,-4049
1117,-3323
3472,-1122
3919,1869
2195,4603
-1173,6101
-5184,5834
-8549,3899
-10101,1216
-9195,-1071
-5940,-1941
-1266,-981
3453,1336
7028,3890
8946,5603
9445,5751
9286,4279
8957,1812
8428,-776
7191,-2804
4493,-3863
32,-3955
-5419,-3541
-10173,-3379
-12104,-4277
-9872,-6773
-3611,-10689
4575,-15266
11404,-19088
13969,-20789
11045,-19310
3887,-14523
-4382,-7362
-10197,482
-11269,7118
-7501,11049
-765,11692
6168,9459
11083,5569
13136,1526
12699,-1199
10865,-1720
8466,7
5907,3190
3358,6625
1015,9134
-613,10158
-995,9656
114,8116
2217,5995
4233,3686
4946,1437
3713,-470
767,-1600
-2819,-1618
-5604,-442
-6553,1321
-5509,2548
-2965,2122
-36,-309
2348,-3948
3890,-7167
4586,-8086
4615,-5883
4061,-1260
2840,3774
959,7024
-1292,7099
-3211,4350
-4135,626
-3792,-1705
-2606,-1210
-1601,1717
-1651,4967
-3054,6078
-5169,3632
-6810,-1623
-6884,-7130
-5094,-9986
-2086,-8734
1021,-4155
3268,1215
4270,4703
4167,5001
3404,2966
2338,795
957,472
-885,2667
-3286,6333
-6003,9481
-8284,10449
-9355,8789
-8712,5366
-6281,1731
-2722,-654
949,-923
3867,899
5460,4067
5586,7594
4352,10399
2154,11626
-403,10938
-2655,8635
-3949,5453
-3905,2503
-2524,399
-364,-598
1848,-790
3374,-748
3870,-889
3484,-1152
2684,-1043
2127,-43
2262,2019
3194,4863
4604,7704
5890,9827
6449,10738
6008,10324
4666,8922
3080,7023
1932,5334
1675,4509
2045,4863
2303,6154
1796,7473
378,7464
-1376,5342
-2375,1372
-1695,-2968
938,-5514
4791,-4626
8587,-348
11102,5581
11861,10548
11370,12474
10658,11094
10638,7547
11370,3642
12119,683
11766,-1072
9786,-2092
6691,-2880
3834,-3486
2608,-3593
3468,-3056
5565,-2200
7075,-1988
6521,-3170
3691,-5884
26,-9434
-2413,-12566
-2166,-14119
490,-13325
3643,-10164
4776,-5272
2235,273
-3571,5157
-10173,8173
-14243,8727
-13293,7044
-6863,4119
3207,1208
13601,-819
21070,-1904
23418,-2511
20184,-3202
12804,-4161
3895,-4955
-3706,-4932
-7920,-3618
-8105,-1055
-5342,2251
-1869,5523
-59,8039
-1203,9176
-4942,8558
-9449,6249
-12353,2953
-12140,-338
-8973,-2484
-4679,-2889
-1496,-1672
-882,369
-2683,2134
-5388,2874
-7160,2388
-6955,906
-5086,-1035
-2949,-2909
-2055,-4124
-3069,-4005
-5521,-2185
-7951,1093
-8783,4787
-7360,7470
-4269,7908
-1018,5973
719,2900
179,551
-2090,369
-4475,2482
-5297,5447
-3792,6853
-403,4813
3380,-913
5893,-8563
6207,-15106
4442,-17833
1743,-15834
-556,-10329
-1388,-4178
-573,-21
1381,702
3632,-1603
5257,-5094
5565,-7700
4189,-7866
1236,-5120
-2912,58
-7538,6778
-11920,13780
-15420,19691
-17509,23216
-17970,23444
-16934,20119
-14790,14019
-12169,6756
-9822,76
-8267,-4593
-7568,-6563
-7202,-5885
-6454,-3292
-4705,106
-1870,3163
1403,4922
4118,5062
5436,4106
5064,2875
3505,1943
1631,1249
173,60
-759,-2101
-1705,-5171
-3627,-8099
-6985,-9660
-11364,-9306
-15424,-7645
-17648,-6197
-17236,-6256
-14443,-8091
-10486,-10649
-6722,-12225
-4022,-11577
-2450,-8652
-1533,-4507
-905,-486
-681,2456
-1362,4248
-3274,5383
-6272,6239
-9589,6948
-12206,7110
-13339,6278
-12805,4187
-10988,1102
-8483,-2095
-5948,-4350
-3861,-4806
-2401,-3135
-1503,135
-842,3913
61,6958
1519,8339
3471,7647
5302,5220
6066,1872
4971,-1387
2041,-3610
-1715,-4044
-4718,-2597
-5768,196
-4675,3301
-2496,5666
-875,6800
-1081,6925
-3093,6704
-5595,6642
-6644,6518
-4835,5597
-429,3144
4873,-832
8584,-5295
8943,-8409
5912,-8704
1121,-5675
-3097,-351
-5104,5201
-4651,8792
-2905,9083
-1509,6090
-1544,1368
-3020,-2815
-4964,-4332
-6350,-2200
-6646,2999
-6173,9130
-5776,13741
-5997,15168
-6717,13277
-7037,9272
-5877,5033
-2717,1909
1872,258
6295,-432
8544,-822
7207,-1010
2411,-571
-3996,1055
-9312,3852
-11382,6827
-9530,8674
-5007,8498
-123,6343
2890,3269
3031,553
758,-1275
-2650,-2535
-5929,-3958
-8452,-5899
-10162,-7825
-11097,-8497
-10954,-7114
-9135,-3791
-5536,154
-993,2926
2770,3553
3995,2444
2200,1042
-1449,945
-4549,2894
-4962,6347
-2007,9864
3064,12045
7735,12353
9843,11433
8840,10339
6002,9941
3433,10291
2750,10711
4040,10375
6035,8969
6969,6872
5772,5131
2722,4681
-945,5738
-3884,7801
-5460,9836
-5918,10776
-6086,10182
-6522,8268
-6970,5642
-6476,2906
-4047,666
411,-725
5724,-832
9813,518
10820,2961
8280,5391
3251,6300
-2064,4355
-5759,-798
-6838,-8230
-5640,-15884
-3121,-21649
-116,-24245
2994,-23698
6157,-20839
9310,-16776
11922,-11994
13029,-6493
11916,-219
8699,6154
4400,11176
530,13226
-2027,11707
-3196,7431
-3680,2293
-4177,-1692
-4825,-3343
-5131,-2776
-4628,-893
-3299,1227
-1691,3008
-588,4174
-215,4596
-207,3971
185,1953
1326,-1543
2871,-5939
3910,-10242
3502,-13205
1704,-14026
-493,-12618
-1636,-9653
-778,-6054
1942,-2773
5324,-530
7799,282
8235,-292
6572,-1923
3833,-3892
1462,-5469
490,-5967
1114,-5095
2504,-2912
3590,170
3455,3654
2246,6826
810,9004
190,9400
776,7495
2323,3293
4206,-2253
6137,-7530
8399,-10663
11137,-10351
14048,-6559
15878,-566
15345,5575
11891,9868
6408,11167
950,9326
-2674,5284
-3831,310
-3369,-4349
-3033,-7762
-4310,-9406
-7574,-9388
-11795,-8311
-15353,-6956
-16819,-5848
-15697,-4785
-12387,-2897
-7812,702
-3093,6155
840,12308
3234,17094
3671,18396
1975,15171
-1431,7799
-5631,-1992
-9387,-11939
-11732,-19741
-12064,-23740
-10632,-22988
-8387,-17759
-6345,-9658
-5395,-1326
-5628,4174
-6509,4645
-7013,-144
-6296,-8266
-4209,-16412
-1260,-21436
1531,-21698
3119,-17636
2757,-11230
291,-4947
-3621,-502
-7698,1494
-10140,1639
-9473,1014
-5351,619
862,897
6494,1643
8640,2180
5769,1999
-1301,1112
-9690,169
-15817,17
-17129,1074
-13491,2978
-6925,4633
-559,4891
3004,3349
2974,467
367,-2733
-2828,-5350
-4554,-7193
-3640,-8539
-145,-9812
4870,-10776
9728,-10623
12869,-8439
13280,-3983
10870,1981
6530,7664
1824,11098
-1692,11100
-2982,7803
-1812,2630
1187,-2585
4940,-6118
8285,-7357
10219,-6693
10119,-5170
7999,-3672
4287,-2773
-136,-2457
-4096,-2395
-6600,-2096
-7097,-1093
-5664,931
-3101,3991
-625,7602
760,10853
487,12798
-1185,12647
-3552,10238
-5883,6122
-7796,1449
-9139,-2212
-9909,-3526
-10005,-1711
-9204,2824
-7444,8490
-4963,12938
-2253,14141
